{
  "lightgbm": {
    "model_type": "lightgbm",
    "timestamp": "2025-11-09T02:31:33.042570+00:00",
    "n_rows": 8990,
    "n_splits": 5,
    "feature_count": 193,
    "preferred_scale": 40.0,
    "fold_metrics": [
      {
        "fold": 0,
        "mse": 0.00014592721094418046,
        "scale": 40.0,
        "scale_cv_sharpe": 0.10485328178115393,
        "sharpe": 0.04713252196629873,
        "total_return": 1.1396248573284962,
        "overlay_sharpe": 0.04713252196629873,
        "overlay_total_return": 1.1396248573284962,
        "overlay_mean_scale": 1.0,
        "overlay_breaches": 0,
        "std_prediction": 0.0010718111912871905,
        "std_allocation": 0.04287244765148763,
        "std_overlay_allocation": 0.04287244765148763,
        "std_guard_triggered": false,
        "model_type_used": "lightgbm"
      },
      {
        "fold": 1,
        "mse": 0.00010770792169039922,
        "scale": 40.0,
        "scale_cv_sharpe": 0.14278101243435726,
        "sharpe": 0.03018165428327246,
        "total_return": 0.5104229847033972,
        "overlay_sharpe": 0.029921570965531757,
        "overlay_total_return": 0.5016952862691184,
        "overlay_mean_scale": 0.997879244388965,
        "overlay_breaches": 181,
        "std_prediction": 0.0023280522053972887,
        "std_allocation": 0.09312208821589155,
        "std_overlay_allocation": 0.09049211943008725,
        "std_guard_triggered": true,
        "model_type_used": "baseline"
      },
      {
        "fold": 2,
        "mse": 0.00017691222794369472,
        "scale": 40.0,
        "scale_cv_sharpe": 0.09934951239023229,
        "sharpe": 0.027055585006640123,
        "total_return": 0.5302352686661398,
        "overlay_sharpe": 0.027055585006640123,
        "overlay_total_return": 0.5302352686661398,
        "overlay_mean_scale": 1.0,
        "overlay_breaches": 0,
        "std_prediction": 0.001906444040676572,
        "std_allocation": 0.07625776162706288,
        "std_overlay_allocation": 0.07625776162706288,
        "std_guard_triggered": false,
        "model_type_used": "lightgbm"
      },
      {
        "fold": 3,
        "mse": 7.243702640904289e-05,
        "scale": 40.0,
        "scale_cv_sharpe": 0.10251652988353419,
        "sharpe": 0.059549914923782025,
        "total_return": 0.9811045481016931,
        "overlay_sharpe": 0.059549914923782025,
        "overlay_total_return": 0.9811045481016931,
        "overlay_mean_scale": 1.0,
        "overlay_breaches": 0,
        "std_prediction": 0.0021101663631244343,
        "std_allocation": 0.08440665452497739,
        "std_overlay_allocation": 0.08440665452497739,
        "std_guard_triggered": false,
        "model_type_used": "lightgbm"
      },
      {
        "fold": 4,
        "mse": 0.00013646804677294865,
        "scale": 40.0,
        "scale_cv_sharpe": 0.09421941663225566,
        "sharpe": 0.05434506097188257,
        "total_return": 1.4037576676079064,
        "overlay_sharpe": 0.05475115484000984,
        "overlay_total_return": 1.4033537777676788,
        "overlay_mean_scale": 0.998944762488918,
        "overlay_breaches": 35,
        "std_prediction": 0.0024014839873947153,
        "std_allocation": 0.09605935949578862,
        "std_overlay_allocation": 0.093016053737431,
        "std_guard_triggered": true,
        "model_type_used": "baseline"
      }
    ],
    "oof_metrics": {
      "mse": 0.00012789048675205318,
      "sharpe": 0.04162308260680202,
      "overlay_sharpe": 0.041641106185065745,
      "overlay_total_return": 22.41007251506203
    },
    "std_deviation": {
      "predictions": 0.002419752066780318,
      "allocations": 0.09679008267121272,
      "overlay_allocations": 0.09521422266940036
    },
    "std_guard": {
      "threshold": 0.001,
      "fallback_model": "baseline",
      "min_scale": 35.0,
      "triggered_folds": 2
    },
    "overlay_config": {
      "lookback": 63,
      "min_periods": 21,
      "volatility_cap": 1.2
    }
  },
  "baseline": {
    "model_type": "baseline",
    "timestamp": "2025-11-09T02:29:14.995727+00:00",
    "n_rows": 899,
    "n_splits": 3,
    "feature_count": 193,
    "preferred_scale": 40.0,
    "fold_metrics": [
      {
        "fold": 0,
        "mse": 0.0001393303835549669,
        "scale": 40.0,
        "scale_cv_sharpe": 0.15517527052140756,
        "sharpe": -0.033658966048254545,
        "total_return": -0.09546274109342112,
        "overlay_sharpe": -0.033658966048254545,
        "overlay_total_return": -0.09546274109342112,
        "overlay_mean_scale": 1.0,
        "overlay_breaches": 0,
        "std_prediction": 0.00204445311905508,
        "std_allocation": 0.08177812476220318,
        "std_overlay_allocation": 0.08177812476220318,
        "std_guard_triggered": true,
        "model_type_used": "baseline"
      },
      {
        "fold": 1,
        "mse": 0.00014771507992641998,
        "scale": 40.0,
        "scale_cv_sharpe": 0.17250361519535662,
        "sharpe": 0.05958927673758276,
        "total_return": 0.1512408702115171,
        "overlay_sharpe": 0.05958927673758276,
        "overlay_total_return": 0.1512408702115171,
        "overlay_mean_scale": 1.0,
        "overlay_breaches": 0,
        "std_prediction": 0.0026313727705220497,
        "std_allocation": 0.105254910820882,
        "std_overlay_allocation": 0.105254910820882,
        "std_guard_triggered": true,
        "model_type_used": "baseline"
      },
      {
        "fold": 2,
        "mse": 0.00012277605711074596,
        "scale": 40.0,
        "scale_cv_sharpe": 0.1516783580019276,
        "sharpe": 0.013776972590771602,
        "total_return": 0.02071851919420542,
        "overlay_sharpe": 0.009943401101618506,
        "overlay_total_return": 0.010995304895087266,
        "overlay_mean_scale": 0.9870929096402018,
        "overlay_breaches": 32,
        "std_prediction": 0.0033085214775329047,
        "std_allocation": 0.13234085910131618,
        "std_overlay_allocation": 0.12984657206200867,
        "std_guard_triggered": true,
        "model_type_used": "baseline"
      }
    ],
    "oof_metrics": {
      "mse": 0.00013660717353071095,
      "sharpe": 0.013662729583077538,
      "overlay_sharpe": 0.012424832077034277,
      "overlay_total_return": 0.052790114752479855
    },
    "std_deviation": {
      "predictions": 0.0027372730248353626,
      "allocations": 0.1094909209934145,
      "overlay_allocations": 0.10944484904133032
    },
    "std_guard": {
      "threshold": 0.01,
      "fallback_model": "baseline",
      "min_scale": 35.0,
      "triggered_folds": 3
    },
    "overlay_config": {
      "lookback": 63,
      "min_periods": 21,
      "volatility_cap": 1.2
    }
  }
}